page,placement,campaign_key,campaign_token,href
glp1-weight-dose-symptom-tracker.html,hero,seoGlp1Tracker,seo_glp1_tracker,https://apps.apple.com/us/app/glpzy-glp-1-tracker/id6761775005?ct=seo_glp1_tracker
glp1-weight-dose-symptom-tracker.html,answer,seoGlp1Tracker,seo_glp1_tracker,https://apps.apple.com/us/app/glpzy-glp-1-tracker/id6761775005?ct=seo_glp1_tracker
glp1-weight-dose-symptom-tracker.html,bottom,seoGlp1Tracker,seo_glp1_tracker,https://apps.apple.com/us/app/glpzy-glp-1-tracker/id6761775005?ct=seo_glp1_tracker
mounjaro-tracker-iphone.html,hero,seoMounjaro,seo_mounjaro_tracker,https://apps.apple.com/us/app/glpzy-glp-1-tracker/id6761775005?ct=seo_mounjaro_tracker
mounjaro-tracker-iphone.html,answer,seoMounjaro,seo_mounjaro_tracker,https://apps.apple.com/us/app/glpzy-glp-1-tracker/id6761775005?ct=seo_mounjaro_tracker
mounjaro-tracker-iphone.html,bottom,seoMounjaro,seo_mounjaro_tracker,https://apps.apple.com/us/app/glpzy-glp-1-tracker/id6761775005?ct=seo_mounjaro_tracker
wegovy-tracker-iphone.html,hero,seoWegovy,seo_wegovy_tracker,https://apps.apple.com/us/app/glpzy-glp-1-tracker/id6761775005?ct=seo_wegovy_tracker
wegovy-tracker-iphone.html,answer,seoWegovy,seo_wegovy_tracker,https://apps.apple.com/us/app/glpzy-glp-1-tracker/id6761775005?ct=seo_wegovy_tracker
wegovy-tracker-iphone.html,bottom,seoWegovy,seo_wegovy_tracker,https://apps.apple.com/us/app/glpzy-glp-1-tracker/id6761775005?ct=seo_wegovy_tracker
zepbound-tracker-iphone.html,hero,seoZepbound,seo_zepbound_tracker,https://apps.apple.com/us/app/glpzy-glp-1-tracker/id6761775005?ct=seo_zepbound_tracker
zepbound-tracker-iphone.html,answer,seoZepbound,seo_zepbound_tracker,https://apps.apple.com/us/app/glpzy-glp-1-tracker/id6761775005?ct=seo_zepbound_tracker
zepbound-tracker-iphone.html,bottom,seoZepbound,seo_zepbound_tracker,https://apps.apple.com/us/app/glpzy-glp-1-tracker/id6761775005?ct=seo_zepbound_tracker
tirzepatide-tracker-iphone.html,hero,seoTirzepatide,seo_tirzepatide_tracker,https://apps.apple.com/us/app/glpzy-glp-1-tracker/id6761775005?ct=seo_tirzepatide_tracker
tirzepatide-tracker-iphone.html,answer,seoTirzepatide,seo_tirzepatide_tracker,https://apps.apple.com/us/app/glpzy-glp-1-tracker/id6761775005?ct=seo_tirzepatide_tracker
tirzepatide-tracker-iphone.html,bottom,seoTirzepatide,seo_tirzepatide_tracker,https://apps.apple.com/us/app/glpzy-glp-1-tracker/id6761775005?ct=seo_tirzepatide_tracker
semaglutide-tracker-iphone.html,hero,seoSemaglutide,seo_semaglutide_tracker,https://apps.apple.com/us/app/glpzy-glp-1-tracker/id6761775005?ct=seo_semaglutide_tracker
semaglutide-tracker-iphone.html,answer,seoSemaglutide,seo_semaglutide_tracker,https://apps.apple.com/us/app/glpzy-glp-1-tracker/id6761775005?ct=seo_semaglutide_tracker
semaglutide-tracker-iphone.html,bottom,seoSemaglutide,seo_semaglutide_tracker,https://apps.apple.com/us/app/glpzy-glp-1-tracker/id6761775005?ct=seo_semaglutide_tracker
local-first-private-glp-tracker.html,hero,siteDefault,founding_site_default,https://apps.apple.com/us/app/glpzy-glp-1-tracker/id6761775005?ct=founding_site_default
local-first-private-glp-tracker.html,answer,siteDefault,founding_site_default,https://apps.apple.com/us/app/glpzy-glp-1-tracker/id6761775005?ct=founding_site_default
local-first-private-glp-tracker.html,bottom,siteDefault,founding_site_default,https://apps.apple.com/us/app/glpzy-glp-1-tracker/id6761775005?ct=founding_site_default
glp1-dose-reminder-app.html,hero,seoDoseReminder,seo_dose_reminder,https://apps.apple.com/us/app/glpzy-glp-1-tracker/id6761775005?ct=seo_dose_reminder
glp1-dose-reminder-app.html,answer,seoDoseReminder,seo_dose_reminder,https://apps.apple.com/us/app/glpzy-glp-1-tracker/id6761775005?ct=seo_dose_reminder
glp1-dose-reminder-app.html,bottom,seoDoseReminder,seo_dose_reminder,https://apps.apple.com/us/app/glpzy-glp-1-tracker/id6761775005?ct=seo_dose_reminder
glp1-side-effect-symptom-tracker.html,hero,seoSideEffectTracker,seo_side_effect_tracker,https://apps.apple.com/us/app/glpzy-glp-1-tracker/id6761775005?ct=seo_side_effect_tracker
glp1-side-effect-symptom-tracker.html,answer,seoSideEffectTracker,seo_side_effect_tracker,https://apps.apple.com/us/app/glpzy-glp-1-tracker/id6761775005?ct=seo_side_effect_tracker
glp1-side-effect-symptom-tracker.html,bottom,seoSideEffectTracker,seo_side_effect_tracker,https://apps.apple.com/us/app/glpzy-glp-1-tracker/id6761775005?ct=seo_side_effect_tracker
glp1-weight-tracker.html,hero,seoWeightTracker,seo_weight_tracker,https://apps.apple.com/us/app/glpzy-glp-1-tracker/id6761775005?ct=seo_weight_tracker
glp1-weight-tracker.html,answer,seoWeightTracker,seo_weight_tracker,https://apps.apple.com/us/app/glpzy-glp-1-tracker/id6761775005?ct=seo_weight_tracker
glp1-weight-tracker.html,bottom,seoWeightTracker,seo_weight_tracker,https://apps.apple.com/us/app/glpzy-glp-1-tracker/id6761775005?ct=seo_weight_tracker
glp1-progress-photo-tracker.html,hero,seoPhotoTracker,seo_photo_tracker,https://apps.apple.com/us/app/glpzy-glp-1-tracker/id6761775005?ct=seo_photo_tracker
glp1-progress-photo-tracker.html,answer,seoPhotoTracker,seo_photo_tracker,https://apps.apple.com/us/app/glpzy-glp-1-tracker/id6761775005?ct=seo_photo_tracker
glp1-progress-photo-tracker.html,bottom,seoPhotoTracker,seo_photo_tracker,https://apps.apple.com/us/app/glpzy-glp-1-tracker/id6761775005?ct=seo_photo_tracker
apple-health-glp-tracker.html,hero,seoAppleHealthInjection,seo_apple_health_injection,https://apps.apple.com/us/app/glpzy-glp-1-tracker/id6761775005?ct=seo_apple_health_injection
apple-health-glp-tracker.html,answer,seoAppleHealthInjection,seo_apple_health_injection,https://apps.apple.com/us/app/glpzy-glp-1-tracker/id6761775005?ct=seo_apple_health_injection
apple-health-glp-tracker.html,bottom,seoAppleHealthInjection,seo_apple_health_injection,https://apps.apple.com/us/app/glpzy-glp-1-tracker/id6761775005?ct=seo_apple_health_injection
bn/glpzy-is-now-oneglp/index.html,hero,rebrandPage,rebrand_explanation,https://apps.apple.com/bd/app/glpzy-glp-1-tracker/id6761775005?ct=rebrand_explanation
bn/glpzy-is-now-oneglp/index.html,bottom,rebrandPageBottom,rebrand_explanation_bottom,https://apps.apple.com/bd/app/glpzy-glp-1-tracker/id6761775005?ct=rebrand_explanation_bottom
gu/glpzy-is-now-oneglp/index.html,hero,rebrandPage,rebrand_explanation,https://apps.apple.com/in/app/glpzy-glp-1-tracker/id6761775005?ct=rebrand_explanation
gu/glpzy-is-now-oneglp/index.html,bottom,rebrandPageBottom,rebrand_explanation_bottom,https://apps.apple.com/in/app/glpzy-glp-1-tracker/id6761775005?ct=rebrand_explanation_bottom
kn/glpzy-is-now-oneglp/index.html,hero,rebrandPage,rebrand_explanation,https://apps.apple.com/in/app/glpzy-glp-1-tracker/id6761775005?ct=rebrand_explanation
kn/glpzy-is-now-oneglp/index.html,bottom,rebrandPageBottom,rebrand_explanation_bottom,https://apps.apple.com/in/app/glpzy-glp-1-tracker/id6761775005?ct=rebrand_explanation_bottom
ml/glpzy-is-now-oneglp/index.html,hero,rebrandPage,rebrand_explanation,https://apps.apple.com/in/app/glpzy-glp-1-tracker/id6761775005?ct=rebrand_explanation
ml/glpzy-is-now-oneglp/index.html,bottom,rebrandPageBottom,rebrand_explanation_bottom,https://apps.apple.com/in/app/glpzy-glp-1-tracker/id6761775005?ct=rebrand_explanation_bottom
mr/glpzy-is-now-oneglp/index.html,hero,rebrandPage,rebrand_explanation,https://apps.apple.com/in/app/glpzy-glp-1-tracker/id6761775005?ct=rebrand_explanation
mr/glpzy-is-now-oneglp/index.html,bottom,rebrandPageBottom,rebrand_explanation_bottom,https://apps.apple.com/in/app/glpzy-glp-1-tracker/id6761775005?ct=rebrand_explanation_bottom
or/glpzy-is-now-oneglp/index.html,hero,rebrandPage,rebrand_explanation,https://apps.apple.com/in/app/glpzy-glp-1-tracker/id6761775005?ct=rebrand_explanation
or/glpzy-is-now-oneglp/index.html,bottom,rebrandPageBottom,rebrand_explanation_bottom,https://apps.apple.com/in/app/glpzy-glp-1-tracker/id6761775005?ct=rebrand_explanation_bottom
pa/glpzy-is-now-oneglp/index.html,hero,rebrandPage,rebrand_explanation,https://apps.apple.com/in/app/glpzy-glp-1-tracker/id6761775005?ct=rebrand_explanation
pa/glpzy-is-now-oneglp/index.html,bottom,rebrandPageBottom,rebrand_explanation_bottom,https://apps.apple.com/in/app/glpzy-glp-1-tracker/id6761775005?ct=rebrand_explanation_bottom
ta/glpzy-is-now-oneglp/index.html,hero,rebrandPage,rebrand_explanation,https://apps.apple.com/in/app/glpzy-glp-1-tracker/id6761775005?ct=rebrand_explanation
ta/glpzy-is-now-oneglp/index.html,bottom,rebrandPageBottom,rebrand_explanation_bottom,https://apps.apple.com/in/app/glpzy-glp-1-tracker/id6761775005?ct=rebrand_explanation_bottom
te/glpzy-is-now-oneglp/index.html,hero,rebrandPage,rebrand_explanation,https://apps.apple.com/in/app/glpzy-glp-1-tracker/id6761775005?ct=rebrand_explanation
te/glpzy-is-now-oneglp/index.html,bottom,rebrandPageBottom,rebrand_explanation_bottom,https://apps.apple.com/in/app/glpzy-glp-1-tracker/id6761775005?ct=rebrand_explanation_bottom
en-gb/glpzy-is-now-oneglp/index.html,hero,rebrandPage,rebrand_explanation,https://apps.apple.com/gb/app/glpzy-glp-1-tracker/id6761775005?ct=rebrand_explanation
en-gb/glpzy-is-now-oneglp/index.html,bottom,rebrandPageBottom,rebrand_explanation_bottom,https://apps.apple.com/gb/app/glpzy-glp-1-tracker/id6761775005?ct=rebrand_explanation_bottom
es-mx/glpzy-is-now-oneglp/index.html,hero,rebrandPage,rebrand_explanation,https://apps.apple.com/mx/app/glpzy-glp-1-tracker/id6761775005?ct=rebrand_explanation
es-mx/glpzy-is-now-oneglp/index.html,bottom,rebrandPageBottom,rebrand_explanation_bottom,https://apps.apple.com/mx/app/glpzy-glp-1-tracker/id6761775005?ct=rebrand_explanation_bottom
fr-ca/glpzy-is-now-oneglp/index.html,hero,rebrandPage,rebrand_explanation,https://apps.apple.com/ca/app/glpzy-glp-1-tracker/id6761775005?ct=rebrand_explanation
fr-ca/glpzy-is-now-oneglp/index.html,bottom,rebrandPageBottom,rebrand_explanation_bottom,https://apps.apple.com/ca/app/glpzy-glp-1-tracker/id6761775005?ct=rebrand_explanation_bottom
pt-br/glpzy-is-now-oneglp/index.html,hero,rebrandPage,rebrand_explanation,https://apps.apple.com/br/app/glpzy-glp-1-tracker/id6761775005?ct=rebrand_explanation
pt-br/glpzy-is-now-oneglp/index.html,bottom,rebrandPageBottom,rebrand_explanation_bottom,https://apps.apple.com/br/app/glpzy-glp-1-tracker/id6761775005?ct=rebrand_explanation_bottom
fil/glpzy-is-now-oneglp/index.html,hero,rebrandPage,rebrand_explanation,https://apps.apple.com/ph/app/glpzy-glp-1-tracker/id6761775005?ct=rebrand_explanation
fil/glpzy-is-now-oneglp/index.html,bottom,rebrandPageBottom,rebrand_explanation_bottom,https://apps.apple.com/ph/app/glpzy-glp-1-tracker/id6761775005?ct=rebrand_explanation_bottom
id/glpzy-is-now-oneglp/index.html,hero,rebrandPage,rebrand_explanation,https://apps.apple.com/id/app/glpzy-glp-1-tracker/id6761775005?ct=rebrand_explanation
id/glpzy-is-now-oneglp/index.html,bottom,rebrandPageBottom,rebrand_explanation_bottom,https://apps.apple.com/id/app/glpzy-glp-1-tracker/id6761775005?ct=rebrand_explanation_bottom
ms/glpzy-is-now-oneglp/index.html,hero,rebrandPage,rebrand_explanation,https://apps.apple.com/my/app/glpzy-glp-1-tracker/id6761775005?ct=rebrand_explanation
ms/glpzy-is-now-oneglp/index.html,bottom,rebrandPageBottom,rebrand_explanation_bottom,https://apps.apple.com/my/app/glpzy-glp-1-tracker/id6761775005?ct=rebrand_explanation_bottom
th/glpzy-is-now-oneglp/index.html,hero,rebrandPage,rebrand_explanation,https://apps.apple.com/th/app/glpzy-glp-1-tracker/id6761775005?ct=rebrand_explanation
th/glpzy-is-now-oneglp/index.html,bottom,rebrandPageBottom,rebrand_explanation_bottom,https://apps.apple.com/th/app/glpzy-glp-1-tracker/id6761775005?ct=rebrand_explanation_bottom
vi/glpzy-is-now-oneglp/index.html,hero,rebrandPage,rebrand_explanation,https://apps.apple.com/vn/app/glpzy-glp-1-tracker/id6761775005?ct=rebrand_explanation
vi/glpzy-is-now-oneglp/index.html,bottom,rebrandPageBottom,rebrand_explanation_bottom,https://apps.apple.com/vn/app/glpzy-glp-1-tracker/id6761775005?ct=rebrand_explanation_bottom
he/glpzy-is-now-oneglp/index.html,hero,rebrandPage,rebrand_explanation,https://apps.apple.com/il/app/glpzy-glp-1-tracker/id6761775005?ct=rebrand_explanation
he/glpzy-is-now-oneglp/index.html,bottom,rebrandPageBottom,rebrand_explanation_bottom,https://apps.apple.com/il/app/glpzy-glp-1-tracker/id6761775005?ct=rebrand_explanation_bottom
ur/glpzy-is-now-oneglp/index.html,hero,rebrandPage,rebrand_explanation,https://apps.apple.com/pk/app/glpzy-glp-1-tracker/id6761775005?ct=rebrand_explanation
ur/glpzy-is-now-oneglp/index.html,bottom,rebrandPageBottom,rebrand_explanation_bottom,https://apps.apple.com/pk/app/glpzy-glp-1-tracker/id6761775005?ct=rebrand_explanation_bottom
bg/glpzy-is-now-oneglp/index.html,hero,rebrandPage,rebrand_explanation,https://apps.apple.com/bg/app/glpzy-glp-1-tracker/id6761775005?ct=rebrand_explanation
bg/glpzy-is-now-oneglp/index.html,bottom,rebrandPageBottom,rebrand_explanation_bottom,https://apps.apple.com/bg/app/glpzy-glp-1-tracker/id6761775005?ct=rebrand_explanation_bottom
cs/glpzy-is-now-oneglp/index.html,hero,rebrandPage,rebrand_explanation,https://apps.apple.com/cz/app/glpzy-glp-1-tracker/id6761775005?ct=rebrand_explanation
cs/glpzy-is-now-oneglp/index.html,bottom,rebrandPageBottom,rebrand_explanation_bottom,https://apps.apple.com/cz/app/glpzy-glp-1-tracker/id6761775005?ct=rebrand_explanation_bottom
da/glpzy-is-now-oneglp/index.html,hero,rebrandPage,rebrand_explanation,https://apps.apple.com/dk/app/glpzy-glp-1-tracker/id6761775005?ct=rebrand_explanation
da/glpzy-is-now-oneglp/index.html,bottom,rebrandPageBottom,rebrand_explanation_bottom,https://apps.apple.com/dk/app/glpzy-glp-1-tracker/id6761775005?ct=rebrand_explanation_bottom
el/glpzy-is-now-oneglp/index.html,hero,rebrandPage,rebrand_explanation,https://apps.apple.com/gr/app/glpzy-glp-1-tracker/id6761775005?ct=rebrand_explanation
el/glpzy-is-now-oneglp/index.html,bottom,rebrandPageBottom,rebrand_explanation_bottom,https://apps.apple.com/gr/app/glpzy-glp-1-tracker/id6761775005?ct=rebrand_explanation_bottom
et/glpzy-is-now-oneglp/index.html,hero,rebrandPage,rebrand_explanation,https://apps.apple.com/ee/app/glpzy-glp-1-tracker/id6761775005?ct=rebrand_explanation
et/glpzy-is-now-oneglp/index.html,bottom,rebrandPageBottom,rebrand_explanation_bottom,https://apps.apple.com/ee/app/glpzy-glp-1-tracker/id6761775005?ct=rebrand_explanation_bottom
fi/glpzy-is-now-oneglp/index.html,hero,rebrandPage,rebrand_explanation,https://apps.apple.com/fi/app/glpzy-glp-1-tracker/id6761775005?ct=rebrand_explanation
fi/glpzy-is-now-oneglp/index.html,bottom,rebrandPageBottom,rebrand_explanation_bottom,https://apps.apple.com/fi/app/glpzy-glp-1-tracker/id6761775005?ct=rebrand_explanation_bottom
hr/glpzy-is-now-oneglp/index.html,hero,rebrandPage,rebrand_explanation,https://apps.apple.com/hr/app/glpzy-glp-1-tracker/id6761775005?ct=rebrand_explanation
hr/glpzy-is-now-oneglp/index.html,bottom,rebrandPageBottom,rebrand_explanation_bottom,https://apps.apple.com/hr/app/glpzy-glp-1-tracker/id6761775005?ct=rebrand_explanation_bottom
hu/glpzy-is-now-oneglp/index.html,hero,rebrandPage,rebrand_explanation,https://apps.apple.com/hu/app/glpzy-glp-1-tracker/id6761775005?ct=rebrand_explanation
hu/glpzy-is-now-oneglp/index.html,bottom,rebrandPageBottom,rebrand_explanation_bottom,https://apps.apple.com/hu/app/glpzy-glp-1-tracker/id6761775005?ct=rebrand_explanation_bottom
lt/glpzy-is-now-oneglp/index.html,hero,rebrandPage,rebrand_explanation,https://apps.apple.com/lt/app/glpzy-glp-1-tracker/id6761775005?ct=rebrand_explanation
lt/glpzy-is-now-oneglp/index.html,bottom,rebrandPageBottom,rebrand_explanation_bottom,https://apps.apple.com/lt/app/glpzy-glp-1-tracker/id6761775005?ct=rebrand_explanation_bottom
lv/glpzy-is-now-oneglp/index.html,hero,rebrandPage,rebrand_explanation,https://apps.apple.com/lv/app/glpzy-glp-1-tracker/id6761775005?ct=rebrand_explanation
lv/glpzy-is-now-oneglp/index.html,bottom,rebrandPageBottom,rebrand_explanation_bottom,https://apps.apple.com/lv/app/glpzy-glp-1-tracker/id6761775005?ct=rebrand_explanation_bottom
nb/glpzy-is-now-oneglp/index.html,hero,rebrandPage,rebrand_explanation,https://apps.apple.com/no/app/glpzy-glp-1-tracker/id6761775005?ct=rebrand_explanation
nb/glpzy-is-now-oneglp/index.html,bottom,rebrandPageBottom,rebrand_explanation_bottom,https://apps.apple.com/no/app/glpzy-glp-1-tracker/id6761775005?ct=rebrand_explanation_bottom
pl/glpzy-is-now-oneglp/index.html,hero,rebrandPage,rebrand_explanation,https://apps.apple.com/pl/app/glpzy-glp-1-tracker/id6761775005?ct=rebrand_explanation
pl/glpzy-is-now-oneglp/index.html,bottom,rebrandPageBottom,rebrand_explanation_bottom,https://apps.apple.com/pl/app/glpzy-glp-1-tracker/id6761775005?ct=rebrand_explanation_bottom
ro/glpzy-is-now-oneglp/index.html,hero,rebrandPage,rebrand_explanation,https://apps.apple.com/ro/app/glpzy-glp-1-tracker/id6761775005?ct=rebrand_explanation
ro/glpzy-is-now-oneglp/index.html,bottom,rebrandPageBottom,rebrand_explanation_bottom,https://apps.apple.com/ro/app/glpzy-glp-1-tracker/id6761775005?ct=rebrand_explanation_bottom
ru/glpzy-is-now-oneglp/index.html,hero,rebrandPage,rebrand_explanation,https://apps.apple.com/ru/app/glpzy-glp-1-tracker/id6761775005?ct=rebrand_explanation
ru/glpzy-is-now-oneglp/index.html,bottom,rebrandPageBottom,rebrand_explanation_bottom,https://apps.apple.com/ru/app/glpzy-glp-1-tracker/id6761775005?ct=rebrand_explanation_bottom
sk/glpzy-is-now-oneglp/index.html,hero,rebrandPage,rebrand_explanation,https://apps.apple.com/sk/app/glpzy-glp-1-tracker/id6761775005?ct=rebrand_explanation
sk/glpzy-is-now-oneglp/index.html,bottom,rebrandPageBottom,rebrand_explanation_bottom,https://apps.apple.com/sk/app/glpzy-glp-1-tracker/id6761775005?ct=rebrand_explanation_bottom
sl/glpzy-is-now-oneglp/index.html,hero,rebrandPage,rebrand_explanation,https://apps.apple.com/si/app/glpzy-glp-1-tracker/id6761775005?ct=rebrand_explanation
sl/glpzy-is-now-oneglp/index.html,bottom,rebrandPageBottom,rebrand_explanation_bottom,https://apps.apple.com/si/app/glpzy-glp-1-tracker/id6761775005?ct=rebrand_explanation_bottom
sr/glpzy-is-now-oneglp/index.html,hero,rebrandPage,rebrand_explanation,https://apps.apple.com/rs/app/glpzy-glp-1-tracker/id6761775005?ct=rebrand_explanation
sr/glpzy-is-now-oneglp/index.html,bottom,rebrandPageBottom,rebrand_explanation_bottom,https://apps.apple.com/rs/app/glpzy-glp-1-tracker/id6761775005?ct=rebrand_explanation_bottom
sv/glpzy-is-now-oneglp/index.html,hero,rebrandPage,rebrand_explanation,https://apps.apple.com/se/app/glpzy-glp-1-tracker/id6761775005?ct=rebrand_explanation
sv/glpzy-is-now-oneglp/index.html,bottom,rebrandPageBottom,rebrand_explanation_bottom,https://apps.apple.com/se/app/glpzy-glp-1-tracker/id6761775005?ct=rebrand_explanation_bottom
tr/glpzy-is-now-oneglp/index.html,hero,rebrandPage,rebrand_explanation,https://apps.apple.com/tr/app/glpzy-glp-1-tracker/id6761775005?ct=rebrand_explanation
tr/glpzy-is-now-oneglp/index.html,bottom,rebrandPageBottom,rebrand_explanation_bottom,https://apps.apple.com/tr/app/glpzy-glp-1-tracker/id6761775005?ct=rebrand_explanation_bottom
uk/glpzy-is-now-oneglp/index.html,hero,rebrandPage,rebrand_explanation,https://apps.apple.com/ua/app/glpzy-glp-1-tracker/id6761775005?ct=rebrand_explanation
uk/glpzy-is-now-oneglp/index.html,bottom,rebrandPageBottom,rebrand_explanation_bottom,https://apps.apple.com/ua/app/glpzy-glp-1-tracker/id6761775005?ct=rebrand_explanation_bottom
glpzy-is-now-oneglp/index.html,hero,rebrandPage,rebrand_explanation,https://apps.apple.com/us/app/glpzy-glp-1-tracker/id6761775005?ct=rebrand_explanation
glpzy-is-now-oneglp/index.html,bottom,rebrandPageBottom,rebrand_explanation_bottom,https://apps.apple.com/us/app/glpzy-glp-1-tracker/id6761775005?ct=rebrand_explanation_bottom
ar/glpzy-is-now-oneglp/index.html,hero,rebrandPage,rebrand_explanation,https://apps.apple.com/sa/app/glpzy-glp-1-tracker/id6761775005?ct=rebrand_explanation
ar/glpzy-is-now-oneglp/index.html,bottom,rebrandPageBottom,rebrand_explanation_bottom,https://apps.apple.com/sa/app/glpzy-glp-1-tracker/id6761775005?ct=rebrand_explanation_bottom
zh-hans/glpzy-is-now-oneglp/index.html,hero,rebrandPage,rebrand_explanation,https://apps.apple.com/cn/app/glpzy-glp-1-tracker/id6761775005?ct=rebrand_explanation
zh-hans/glpzy-is-now-oneglp/index.html,bottom,rebrandPageBottom,rebrand_explanation_bottom,https://apps.apple.com/cn/app/glpzy-glp-1-tracker/id6761775005?ct=rebrand_explanation_bottom
zh-hant/glpzy-is-now-oneglp/index.html,hero,rebrandPage,rebrand_explanation,https://apps.apple.com/tw/app/glpzy-glp-1-tracker/id6761775005?ct=rebrand_explanation
zh-hant/glpzy-is-now-oneglp/index.html,bottom,rebrandPageBottom,rebrand_explanation_bottom,https://apps.apple.com/tw/app/glpzy-glp-1-tracker/id6761775005?ct=rebrand_explanation_bottom
es-es/glpzy-is-now-oneglp/index.html,hero,rebrandPage,rebrand_explanation,https://apps.apple.com/es/app/glpzy-glp-1-tracker/id6761775005?ct=rebrand_explanation
es-es/glpzy-is-now-oneglp/index.html,bottom,rebrandPageBottom,rebrand_explanation_bottom,https://apps.apple.com/es/app/glpzy-glp-1-tracker/id6761775005?ct=rebrand_explanation_bottom
de/glpzy-is-now-oneglp/index.html,hero,rebrandPage,rebrand_explanation,https://apps.apple.com/de/app/glpzy-glp-1-tracker/id6761775005?ct=rebrand_explanation
de/glpzy-is-now-oneglp/index.html,bottom,rebrandPageBottom,rebrand_explanation_bottom,https://apps.apple.com/de/app/glpzy-glp-1-tracker/id6761775005?ct=rebrand_explanation_bottom
fr/glpzy-is-now-oneglp/index.html,hero,rebrandPage,rebrand_explanation,https://apps.apple.com/fr/app/glpzy-glp-1-tracker/id6761775005?ct=rebrand_explanation
fr/glpzy-is-now-oneglp/index.html,bottom,rebrandPageBottom,rebrand_explanation_bottom,https://apps.apple.com/fr/app/glpzy-glp-1-tracker/id6761775005?ct=rebrand_explanation_bottom
pt-pt/glpzy-is-now-oneglp/index.html,hero,rebrandPage,rebrand_explanation,https://apps.apple.com/pt/app/glpzy-glp-1-tracker/id6761775005?ct=rebrand_explanation
pt-pt/glpzy-is-now-oneglp/index.html,bottom,rebrandPageBottom,rebrand_explanation_bottom,https://apps.apple.com/pt/app/glpzy-glp-1-tracker/id6761775005?ct=rebrand_explanation_bottom
ja/glpzy-is-now-oneglp/index.html,hero,rebrandPage,rebrand_explanation,https://apps.apple.com/jp/app/glpzy-glp-1-tracker/id6761775005?ct=rebrand_explanation
ja/glpzy-is-now-oneglp/index.html,bottom,rebrandPageBottom,rebrand_explanation_bottom,https://apps.apple.com/jp/app/glpzy-glp-1-tracker/id6761775005?ct=rebrand_explanation_bottom
ko/glpzy-is-now-oneglp/index.html,hero,rebrandPage,rebrand_explanation,https://apps.apple.com/kr/app/glpzy-glp-1-tracker/id6761775005?ct=rebrand_explanation
ko/glpzy-is-now-oneglp/index.html,bottom,rebrandPageBottom,rebrand_explanation_bottom,https://apps.apple.com/kr/app/glpzy-glp-1-tracker/id6761775005?ct=rebrand_explanation_bottom
hi/glpzy-is-now-oneglp/index.html,hero,rebrandPage,rebrand_explanation,https://apps.apple.com/in/app/glpzy-glp-1-tracker/id6761775005?ct=rebrand_explanation
hi/glpzy-is-now-oneglp/index.html,bottom,rebrandPageBottom,rebrand_explanation_bottom,https://apps.apple.com/in/app/glpzy-glp-1-tracker/id6761775005?ct=rebrand_explanation_bottom
it/glpzy-is-now-oneglp/index.html,hero,rebrandPage,rebrand_explanation,https://apps.apple.com/it/app/glpzy-glp-1-tracker/id6761775005?ct=rebrand_explanation
it/glpzy-is-now-oneglp/index.html,bottom,rebrandPageBottom,rebrand_explanation_bottom,https://apps.apple.com/it/app/glpzy-glp-1-tracker/id6761775005?ct=rebrand_explanation_bottom
nl/glpzy-is-now-oneglp/index.html,hero,rebrandPage,rebrand_explanation,https://apps.apple.com/nl/app/glpzy-glp-1-tracker/id6761775005?ct=rebrand_explanation
nl/glpzy-is-now-oneglp/index.html,bottom,rebrandPageBottom,rebrand_explanation_bottom,https://apps.apple.com/nl/app/glpzy-glp-1-tracker/id6761775005?ct=rebrand_explanation_bottom
